<?xml version="1.0" encoding="utf-8"?>
<!--
  ~ Copyright 2015 Google Inc.
  ~
  ~ Licensed under the Apache License, Version 2.0 (the "License");
  ~ you may not use this file except in compliance with the License.
  ~ You may obtain a copy of the License at
  ~
  ~      http://www.apache.org/licenses/LICENSE-2.0
  ~
  ~ Unless required by applicable law or agreed to in writing, software
  ~ distributed under the License is distributed on an "AS IS" BASIS,
  ~ WITHOUT WARRANTIES OR CONDITIONS OF ANY KIND, either express or implied.
  ~ See the License for the specific language governing permissions and
  ~ limitations under the License.
  -->
<resources>
    <array name="alphabet">
        <item>A</item>
        <item>B</item>
        <item>C</item>
        <item>D</item>
        <item>E</item>
        <item>F</item>
        <item>G</item>
        <item>H</item>
        <item>I</item>
        <item>J</item>
        <item>K</item>
        <item>L</item>
        <item>M</item>
        <item>N</item>
        <item>O</item>
        <item>P</item>
        <item>Q</item>
        <item>R</item>
        <item>S</item>
        <item>T</item>
        <item>U</item>
        <item>V</item>
        <item>W</item>
        <item>X</item>
        <item>Y</item>
        <item>Z</item>
    </array>
</resources>