<?xml version="1.0" encoding="utf-8"?>
<!--
  ~ Copyright 2015 Google Inc.
  ~
  ~ Licensed under the Apache License, Version 2.0 (the "License");
  ~ you may not use this file except in compliance with the License.
  ~ You may obtain a copy of the License at
  ~
  ~      http://www.apache.org/licenses/LICENSE-2.0
  ~
  ~ Unless required by applicable law or agreed to in writing, software
  ~ distributed under the License is distributed on an "AS IS" BASIS,
  ~ WITHOUT WARRANTIES OR CONDITIONS OF ANY KIND, either express or implied.
  ~ See the License for the specific language governing permissions and
  ~ limitations under the License.
  -->
<ripple xmlns:android="http://schemas.android.com/apk/res/android"
    android:color="?android:attr/colorControlHighlight">
    <item>
        <selector>
            <item
                android:state_checked="false"
                android:state_pressed="true">
                <color android:color="@android:color/white" />
            </item>
            <item android:state_checked="true">
                <color android:color="@color/green" />
            </item>
        </selector>
    </item>
</ripple>
